{
  "project_info": {
    "project_number": "829515208676",
    "firebase_url": "https://gowallet-1507539245891.firebaseio.com",
    "project_id": "gowallet-1507539245891",
    "storage_bucket": "gowallet-1507539245891.appspot.com"
  },
  "client": [
    {
      "client_info": {
        "mobilesdk_app_id": "1:829515208676:android:57a85ae077e76070",
        "android_client_info": {
          "package_name": "com.goprocessing.gowallet"
        }
      },
      "oauth_client": [
        {
          "client_id": "829515208676-poqt0ssan8adq8u5uc4vvhbadchvjds3.apps.googleusercontent.com",
          "client_type": 3
        },
        {
          "client_id": "829515208676-poqt0ssan8adq8u5uc4vvhbadchvjds3.apps.googleusercontent.com",
          "client_type": 3
        }
      ],
      "api_key": [
        {
          "current_key": "AIzaSyBqbnGO-3Z-s2iD0udA28OzS5pIl4PsedU"
        }
      ],
      "services": {
        "analytics_service": {
          "status": 1
        },
        "appinvite_service": {
          "status": 1,
          "other_platform_oauth_client": []
        },
        "ads_service": {
          "status": 2
        }
      }
    }
  ],
  "configuration_version": "1"
}